<?xml version="1.0" encoding="ISO-8859-1"?>
<document>

    <properties>
        <author email="adecaro@users.sourceforge.net">Angelo De Caro</author>
        <title>MyDoggy - My Java Docking Framework (PLAF) - Changes</title>
    </properties>

    <body>
        <release version="1.4.1" date="2008-01-01" description="Code name : Magenta">
            <action dev="adecaro" type="update">
                Bugfix and support for all new features.
            </action>
        </release>
        <release version="1.4.0" date="2008-01-01" description="Code name : Vittoria">
            <action dev="adecaro" type="update">
                Support for all new features.
            </action>
        </release>
        <release version="1.3.1" date="2007-04-07" description="Code name : Winnipeg">
            <action dev="adecaro" type="update">
                Module refactored to clean the code and make it more simply to extend.
            </action>
            <action dev="adecaro" type="add">
                Added ResourceManager interface to simplify mydoggy customization.
                See <![CDATA[<a href="resourceManager.html">this</a>]]>.
            </action>
            <action dev="adecaro" type="add">
                Added TransparencyManager interface to simplify the support for windows transparency. Now you can plug
                you own manager. See <![CDATA[<a href="transparency.html">this</a>]]>.
            </action>
        </release>
        <release version="1.3.0" date="2007-04-07" description="Code name : Turkana">
            <action dev="adecaro" type="add">
                Support for all new features.
            </action>
        </release>
        <release version="1.2.0" date="2007-04-07" description="Code name : Zajsan">
            <action dev="adecaro" type="add">
                Support for all new features.
            </action>
        </release>
        <release version="1.1.0" date="2006-10-31" description="Code name : Michigan">
            <action dev="adecaro" type="add">
                Support for <![CDATA[<a href="index.html#ContentManageUI"><code>ContentManagerUI</code></a>]]>
            </action>
        </release>
        <release version="1.0.0" date="2006-10-31" description="Code name : Huron">
            <action dev="adecaro" type="add">
                MyDoggy 1.0.0 released.
            </action>
        </release>
    </body>

</document>
