<!DOCTYPE document PUBLIC
        "-//Apache Software Foundation//DTD XDOC 1.0//EN"
        "http://maven.apache.org/dtd/xdoc_1_0.dtd">
<document>
    <properties>
        <title>MyDoggy - My Java Docking Framework (API) : ContentManagerUI Using</title>
        <author email="adecaro@users.sourceforge.net">Angelo De Caro</author>
    </properties>

    <body>
        <section name="Using ContentManagerUI">
            <subsection name="To obtain the instance of ContentManagerUI">
                Use the following :
                <source>
ContentManagerUI contentManagerUI = toolWindowManager.getContentManager().getContentManagerUI();
</source>
                <p>
                    Returns the content manager ui.
                </p>
            </subsection>
            <subsection name="To change ContentManagerUI">
                Use the following :
                <source>
toolWindowManager.getContentManager().setContentManagerUI(new MyDoggyDesktopContentManagerUI());
</source>
                <p>
                    Sets the content manager ui.
                </p>
            </subsection>
            <subsection name="To set 'Closeable' and 'Detachable' property">
                Use the following :
                <source>
ContentManagerUI contentManagerUI = toolWindowManager.getContentManager().getContentManagerUI();
contentManagerUI.setCloseable(true);
contentManagerUI.setsetDetachable(true);
</source>
                <p>
                    Sets the 'Closeable' and/or 'Detachable' property of all contents registered to content manager.
                </p>
            </subsection>
            <subsection name="To add a ContentManagerUIListener">
                Use the following :
                <source>
ContentManagerUI contentManagerUI = toolWindowManager.getContentManager().getContentManagerUI();
contentManagerUI.addContentManagerUIListener(listener);
</source>
                <p>
                    Registers <code>listener</code> so that it will receive events when
                    a content is removed or detached using the ui. For the remove action you can apply a veto to the action.
                    If listener <code>listener</code> is <code>null</code>,
                    no exception is thrown and no action is performed.
                </p>
            </subsection>
        </section>

        <section name="Using ContentUI">
            <subsection name="To retrieve the ContentUI for a Content">
                Use the following :
                <source>
ContentManagerUI contentManagerUI = toolWindowManager.getContentManager().getContentManagerUI();
Content content = toolWindowManager.getContentManager().getContent(0);
ContentUI contentUi = contentManagerUI.getContentUI(content);
</source>
                <p>
                    Returns the ui part to which this manager maps the specified <code>content</code>.
                </p>
            </subsection>

            <subsection name="To retrieve the Content from a ContentUI">
                Use the following :
                <source>
ContentManagerUI contentManagerUI = toolWindowManager.getContentManager().getContentManagerUI();
Content content = toolWindowManager.getContentManager().getContent(0);
ContentUI contentUi = contentManagerUI.getContentUI(content);
assert contentUi.getContent() == content;
</source>
                <p>
                    Returns the Content contropart of a ContentUI instance.
                </p>
            </subsection>
            <subsection name="To set 'Closeable' and 'Detachable' property">
                Use the following :
                <source>
ContentManagerUI contentManagerUI = toolWindowManager.getContentManager().getContentManagerUI();
Content content = toolWindowManager.getContentManager().getContent(0);
ContentUI contentUi = contentManagerUI.getContentUI(content);
contentUi.setCloseable(true);
contentUi.setDetachable(true);
</source>
                <p>
                    Sets the 'Closeable' and/or 'Detachable' property of a specific ContentUI.
                </p>
            </subsection>
            <subsection name="To customize transparency support.">
                Use the following :
                <source>
ContentManagerUI contentManagerUI = toolWindowManager.getContentManager().getContentManagerUI();
Content content = toolWindowManager.getContentManager().getContent(0);
ContentUI contentUi = contentManagerUI.getContentUI(content);
contentUi.setTransparentMode(true);
contentUi.setTransparentRatio(0.7f);
contentUi.setTransparentDelay(1000);
</source>
                <p>
                    Sets the transparent mode. If the transparent mode is enabled then when
                    the content is detached and the window containing the content losts
                    the focus then the window becomes transparent. This facility is os-dependent.
                </p>
            </subsection>

        </section>
    </body>
</document>
