<!DOCTYPE document PUBLIC
        "-//Apache Software Foundation//DTD XDOC 1.0//EN"
        "http://maven.apache.org/dtd/xdoc_1_0.dtd">
<document>
    <properties>
        <title>MyDoggy - My Java Docking Framework (API) : ToolWindowManager</title>
        <author email="adecaro@users.sourceforge.net">Angelo De Caro</author>
    </properties>

    <body>
        <section name="ToolWindowManager">
            <p>
                This interface is the main entry point to manage MyDoggy. Using this interface
                the user can register/unregister toolwindows, groups. The user can get the
                content manager instance and type descriptor templates.
                <br/>
                To obtain an instance of ToolWindowManager interface see
                <a href="./../mydoggy-plaf/index.html">mydoggy-plaf</a>
            </p>
            
            <subsection name="ToolWindowManagerDescriptor">
                <p>
                    This interface is used to modify the behaviours of the ToolWindowManager.
                    <br/>
                    You can now change the push-away mode of toolwindows and set corner components.
                    See Using page for how to.
                </p>
            </subsection>

            <subsection name="PersistenceDelegate">
                <p>
                    This interface provides useful methods to save and load the tool window manager's workspace.
                    When you request to save the workspace, all settings of ToolWindows with relative descriptors are saved.
                    To obtain an instance of PersistenceDelegate you have to invoke the method
                    <code>getPersistenceDelegate</code>
                    of
                    <code>ToolWindowManager</code>
                    interface. So you can obtain a persistence delegate specific to a
                    particular tool window manager.
                </p>
                <p>
                    Go to
                    <a href="./toolwindowManagerUsing.html#PersistenceDelegate">Using</a> page
                    to get more informations about how to use the PersistenceDelegate.
                </p>
                <p>
                    Go to
                    <a href="./../mydoggy-plaf/persistenceDelegate.html">MyDoggy-Plaf</a>
                    to get more informations about default implementation.
                </p>
            </subsection>
        </section>
    </body>
</document>
