<!DOCTYPE document PUBLIC
        "-//Apache Software Foundation//DTD XDOC 1.0//EN"
        "http://maven.apache.org/dtd/xdoc_1_0.dtd">
<document>
    <properties>
        <title>MyDoggy - My Java Docking Framework (API) : ToolWindowGroup Using</title>
        <author email="adecaro@users.sourceforge.net">Angelo De Caro</author>
    </properties>

    <body>
        <section name="Using ToolWindowGroup">
            <subsection name="To get a group">
                Use the following :
                <source>
ToolWindowGroup group = toolWindowManager.getToolWindowGroup("group_name");
</source>
                <p>
                    Returns the tool window group to which this manager maps the specified name.
                    If the manager contains no mapping for this name then the manager create a new instance
                    of ToolWindowGroup and associates the group created with the specified name in this manager.
                </p>
            </subsection>
            <subsection name="To remove a group">
                Use the following :
                <source>
toolWindowManager.removeToolWindowGroup("group_name");
</source>
                <p>
                    Removes the tool window group for this name from this manager if it is present.
                </p>
            </subsection>
            <subsection name="To check if a group exists">
                Use the following :
                <source>
boolean contains = toolWindowManager.containsGroup("group_name");
</source>
                <p>
                    Returns <tt>true</tt> if this manager contains a group for the specified name.
                </p>
            </subsection>
            <subsection name="To add a toolwindow">
                Use the following :
                <source>
ToolWindowGroup group = toolWindowManager.getToolWindowGroup("group_name");
ToolWindow debugTool = toolWindowManager.getToolWindow("Debug");
group.addToolWindow(debugTool);
</source>
                <p>
                    Appends the specified tool window to the end of this group.
                </p>
            </subsection>
            <subsection name="To remove a toolwindow">
                Use the following :
                <source>
ToolWindowGroup group = toolWindowManager.getToolWindowGroup("group_name");
ToolWindow debugTool = toolWindowManager.getToolWindow("Debug");
group.removeToolWindow(debugTool);
</source>
                <p>
                    Removes the occurrence in this group of the specified tool window.
                </p>
            </subsection>
            <subsection name="To show or hide a group">
                Use the following :
                <source>
ToolWindowGroup group = toolWindowManager.getToolWindowGroup("group_name");
group.setVisible(true);
</source>
                <p>
                    Invokes <code>setVisible(visible)</code> on all toolwindows contained in this group
                    in proper sequence.
                </p>
            </subsection>
            <subsection name="To add a ToolWindowGroupListener">
                Use the following :
                <source>
ToolWindowGroup group = toolWindowManager.getToolWindowGroup("group_name");
group.addToolWindowGroupListener(listener);
</source>
                <p>
                    Registers <code>listener</code> so that it will receive events when
                    the groups are made visibile or invisible, when a tool is added or removed.
                    If listener <code>listener</code> is <code>null</code>,
                    no exception is thrown and no action is performed.
                </p>
            </subsection>

        </section>
    </body>
</document>
