<!DOCTYPE document PUBLIC
        "-//Apache Software Foundation//DTD XDOC 1.0//EN"
        "http://maven.apache.org/dtd/xdoc_1_0.dtd">
<document>
    <properties>
        <title>MyDoggy - My Java Docking Framework (API) : ToolWindow</title>
        <author email="adecaro@users.sourceforge.net">Angelo De Caro</author>
    </properties>

    <body>
        <section name="ToolWindow">
            <p>
                A Tool Window is a secondary window used to provide one or more particular functionalities.
            </p>

            <table>
                <tbody>
                    <tr>
                        <td>
                            <img src="./images/toolwindow.png" alt="ToolWindow" border="0" />
                        </td>
                        <td>
                            <p align="center">
                                To register a tool window use the following:
                            </p>
                            <source>ToolWindowManager toolWindowManager = new <a href="./../mydoggy-plaf/index.html">...</a>;
ToolWindow toolwindow = toolWindowManager.
    registerToolWindow("Debug",      // Tool Window identifier
                       "Debugging",  // Tool Window Title
                       icon,         // Tool Window Icon
                       component,    // Tool Window Component
                       ToolWindowAnchor.LEFT  // Tool Window Anchor
                      )
                            </source>
                            <p>
                                When you register a toolwindow you obtain an instance of ToolWindow interface.
                                This interface is the main entry point to modify toolwindow's properties.
                                Moreover there are methods to make the tool available, visible and active.
                            </p>
                        </td>
                    </tr>
                </tbody>
            </table>
            <a name="ToolWindowTab"/>
            <subsection name="ToolWindowTab">
                <p>
                    Every toolwindow can be considered as a special JTabbedPane and so it can contain more than one component.
                    Every tab is described by a title, an icon and a component. A tab can be selected or not.
                    <br/>
                    The above image shows two tabs for the debut toolswindow. The first is declared when the tool
                    is registered, for the second use the following:
                </p>
                <source>ToolWindowTab profilingTab = toolwindow.addToolWindowTab(
                    "Profiling",    // Tab Title
                    profilingCmp,   // Tab Component
)
                </source>
                <p>
                    Also, the user can add a toolwindow to another tool as a tab. Use the following
                </p>
                <source>ToolWindowTab profilingTab = toolwindow.addToolWindowTab(profilingToolWindow)</source>
            </subsection>
        </section>
    </body>
</document>
