<?xml version="1.0" encoding="ISO-8859-1"?>
<project name="MyDoggy-Api">

    <skin>
        <groupId>org.noos.xing</groupId>
        <artifactId>mydoggy-site-skin</artifactId>
        <version>1.4.1</version>
    </skin>

    <body>
        <links>
            <item name="MyDoggy" href="./../index.html"/>
            <item name="Maven" href="http://maven.apache.org/"/>
            <item name="SourceForge" href="http://sourceforge.net/"/>
        </links>

        <menu name="MyDoggy - Api">
            <item name="Introduction" href="index.html"/>
            <item name="ToolWindowManager" href="toolwindowManager.html">
                <item name="Using" href="toolwindowManagerUsing.html"/>
            </item>
            <item name="ToolWindow" href="toolwindow.html">
                <item name="Types" href="toolwindowTypes.html"/>
                <item name="Using" href="toolwindowUsing.html"/>
            </item>
            <item name="ToolWindowGroup" href="toolwindowGroups.html">
                <item name="Using" href="toolwindowGroupsUsing.html"/>
            </item>
            <item name="ContentManager" href="contentManager.html">
                <item name="Using" href="contentManagerUsing.html"/>
            </item>
            <item name="ContentManagerUI" href="contentManagerUI.html">
                <item name="Using" href="contentManagerUIUsing.html"/>
            </item>
        </menu>

        ${reports}
    </body>

</project>
