<?xml version="1.0" encoding="ISO-8859-1"?>
<document>

    <properties>
        <author email="adecaro@users.sourceforge.net">Angelo De Caro</author>
        <title>MyDoggy - My Java Docking Framework (EXAMPLES) - Changes</title>
    </properties>

    <body>
        <release version="1.4.1" date="2008-01-01" description="Code name : Magenta">
            <action dev="adecaro" type="update">
                Support for all new features.  New content for nested ToolWindowManager.
            </action>
        </release>
        <release version="1.4.0" date="2008-01-01" description="Code name : Vittoria">
            <action dev="adecaro" type="update">
                Support for all new features.  By default MyDoggySet use the new MultiSplitContentManagerUI.
            </action>
        </release>
        <release version="1.3.1" date="2007-04-07" description="Code name : Winnipeg">
            <action dev="adecaro" type="update">
                MyDoggySet updated. Now there are more ways to see in action all mydoggy capabilities.
                Try new interactive tests.
            </action>
        </release>
        <release version="1.3.0" date="2007-04-07" description="Code name : Turkana">
            <action dev="adecaro" type="add">
                <![CDATA[
                Support for all new features.
                <a href="./mydoggysetScreenshots.html">
                    Screenshots.
                </a>
                <a href="./mydoggysetUsing.html">
                    Using.
                </a> ]]>
            </action>
        </release>
        <release version="1.2.0" date="2007-04-07" description="Code name : Zajsan">
            <action dev="adecaro" type="add">
                <![CDATA[
                Support for all new features.
                <a href="./mydoggysetScreenshots.html">
                    Screenshots.
                </a>
                <a href="./mydoggysetUsing.html">
                    Using.
                </a> ]]>
            </action>
        </release>
        <release version="1.1.0" date="2006-10-31" description="Code name : Michigan">
            <action dev="adecaro" type="add">
                Support for ContentManagerUI.
            </action>
        </release>
        <release version="1.0.0" date="2006-10-31" description="Code name : Huron">
            <action dev="adecaro" type="add">
                MyDoggy 1.0.0 released.
            </action>
        </release>
    </body>

</document>
