<!DOCTYPE document PUBLIC
        "-//Apache Software Foundation//DTD XDOC 1.0//EN"
        "http://maven.apache.org/dtd/xdoc_1_0.dtd">
<document>
    <properties>
        <title>MyDoggy - My Java Docking Framework - Download</title>
        <author email="adecaro@users.sourceforge.net">Angelo De Caro</author>
    </properties>

    <body>
        <section name="Download MyDoggy">
            <subsection name="Releases">
				<ul>
					<li>
						Please see our
						<a href="license.html">License FAQ</a>
						before downloading.
					</li>
				</ul>

                <table>
                    <tbody>
                        <tr>
                            <td>
                                <strong>Package</strong>
                            </td>
                            <td>
                                <strong>Version</strong>
                            </td>
                            <td>
                                <strong>Release date</strong>
                            </td>
                            <td>
                                <strong>Category</strong>
                            </td>
                            <td/>
                        </tr>

                        <tr valign="top">
                            <td>MyDoggy</td>
                            <td>1.4.1</td>
                            <td>2008-02-04</td>
                            <td>Stable</td>
                            <td>
                                <em>
                                    <a href="http://sourceforge.net/project/showfiles.php?group_id=178005">
                                        Download
                                    </a>
                                </em>
                            </td>
                        </tr>
                    </tbody>
                </table>
            </subsection>

			<a name="requirements"/>
            <subsection name="System Requirements">
                <table>
                    <tbody>
                        <tr class="b">
                            <td align="left">
                                <b>JDK</b>
                            </td>
                            <td align="left">1.5 or above
                            </td>
                        </tr>
                        <tr class="a">
                            <td align="left">
                                <b>Memory</b>
                            </td>
                            <td align="left">No minimum requirement</td>
                        </tr>
                        <tr class="b">
                            <td align="left">
                                <b>Disk</b>
                            </td>
                            <td align="left">The distro is approximately 5MB, but the core jars are approximately 0.5MB
                            </td>
                        </tr>
                        <tr class="a">
                            <td align="left">
                                <b>Operating System</b>
                            </td>
                            <td align="left">No minimum requirement. Tested on Windows XP, Ubuntu 7.04.
                            </td>
                        </tr>
                    </tbody>
                </table>
            </subsection>

			<a name="usage"/>
            <subsection name="Usage">
                <ol type="1">
                    <li>Unzip
                        <tt>mydoggy-1.4.1.zip</tt>
                        to the directory you wish to unzip MyDoggy 1.4.1.
                    </li>
                    <li>Move to
                        <tt>lib</tt>
                        directory where you can found mydoggy jar files.
                    </li>
                    <li>To use mydoggy add to your classpath
                        <tt>mydoggy_1.4.1-api.jar</tt> and
                        <tt>mydoggy_1.4.1-plaf.jar</tt> and
                        <tt>mydoggy_1.4.1-res.jar</tt> and
						<tt>TableLayout-20020517.jar</tt>
					</li>
                </ol>
                <h4>Transparency on Windows 2000/XP</h4>
                <p>
                    To see the transparency effect in action, you have to put TransparencyManager.dll into a system
                    directory. Refers to java property "java.library.path" for those directories.
                    <br/>
                    You can found the precompiled TransparencyManager.dll file into <tt>/lib/win32</tt>
                    starting from the directory you have choosed to unzip mydoggy.
                </p>
                <p>
                    But you can customize the transparency manager. See
                    <a href="./mydoggy-plaf/transparency.html">this</a>
                    .
                </p>
            </subsection>

			<a name="mydoggyset"/>
            <subsection name="MyDoggySet Usage">
                <h4>Windows 2000/XP</h4>
                <ol type="1">
                    <li>Unzip
                        <tt>mydoggy-1.4.1.zip</tt>
                        to the directory you wish to unzip MyDoggy 1.4.1. These instructions assume you chose
                        <tt>C:\Program Files\mydoggy-1.4.1</tt>
                    </li>
                    <li>Move to
                        <tt>bin</tt>
                        directory.
                        <tt>&quot;C:\Program Files\mydoggy-1.4.1\bin&quot;</tt>
                    </li>
                    <li>In the same dialog, make sure that
                        <tt>JAVA_HOME</tt>
                        is set to the location of your JDK, eg.
                        <tt>C:\Program Files\Java\jdk1.5.0_14</tt>
                    </li>
                    <li>Run
                        <tt>mydoggyset</tt>
                    </li>
                </ol>
                <h4>Unix-based Operating Systems (Linux, Solaris and Mac OS X)</h4>
                <ol type="1">
                    <li>Unzip
                        <tt>mydoggy-1.4.1.zip</tt>
                        to the directory you wish to install MyDoggy 1.4.1. These instructions assume you chose
                        <tt>/usr/local/mydoggy-1.4.1</tt>
                    </li>
                    <li>Move to
                        <tt>bin</tt>
                        directory.
                        <tt>&quot;/usr/local/mydoggy-1.4.1/bin&quot;</tt>
                    </li>
                    <li>In the same dialog, make sure that
                        <tt>JAVA_HOME</tt>
                        is set to the location of your JDK, eg.
                        <tt>/usr/java/jdk1.5.0_14</tt>
                    </li>
                    <li>Run
                        <tt>./mydoggyset.sh</tt>
                    </li>
                </ol>
            </subsection>

			<subsection name="Previous Releases">
				<table>
					<tbody>
						<tr>
							<td>
								<strong>Package</strong>
							</td>
							<td>
								<strong>Version</strong>
							</td>
							<td>
								<strong>Release date</strong>
							</td>
							<td>
								<strong>Category</strong>
							</td>
							<td/>
						</tr>

                        <tr valign="top">
                            <td>MyDoggy</td>
                            <td>1.4.0</td>
                            <td>2008-01-03</td>
                            <td>Stable</td>
                            <td>
                                <em>
                                    <a href="http://sourceforge.net/project/showfiles.php?group_id=178005&amp;package_id=205132&amp;release_id=565678">
                                        Download
                                    </a>
                                </em>
                            </td>
                        </tr>
                        <tr valign="top">
                            <td>MyDoggy</td>
                            <td>1.3.1</td>
                            <td>2007-09-29</td>
                            <td>Stable</td>
                            <td>
                                <em>
                                    <a href="https://sourceforge.net/project/showfiles.php?group_id=178005&amp;package_id=205132&amp;release_id=542979">
                                        Download
                                    </a>
                                </em>
                            </td>
                        </tr>
                        <tr valign="top">
                            <td>MyDoggy</td>
                            <td>1.3.0</td>
                            <td>2007-06-16</td>
                            <td>Stable</td>
                            <td>
                                <em>
                                    <a href="http://sourceforge.net/project/showfiles.php?group_id=178005&amp;package_id=205132&amp;release_id=516573">
                                        Download
                                    </a>
                                </em>
                            </td>
                        </tr>
                        <tr valign="top">
                            <td>MyDoggy</td>
                            <td>1.2.0</td>
                            <td>2007-04-07</td>
                            <td>Stable</td>
                            <td>
                                <em>
                                    <a href="http://sourceforge.net/project/showfiles.php?group_id=178005&amp;package_id=205132&amp;release_id=499269">
                                        Download
                                    </a>
                                </em>
                            </td>
                        </tr>
                        <tr valign="top">
                            <td>MyDoggy</td>
                            <td>1.1.0</td>
                            <td>2007-01-08</td>
                            <td>Stable</td>
                            <td>
                                <em>
                                    <a href="http://sourceforge.net/project/showfiles.php?group_id=178005&amp;package_id=205132&amp;release_id=476784">
                                        Download
                                    </a>
                                </em>
                            </td>
                        </tr>
                        <tr valign="top">
                            <td>MyDoggy</td>
                            <td>1.0.0</td>
                            <td>2006-11-07</td>
                            <td>Stable</td>
                            <td>
                                <em>
                                    <a href="http://sourceforge.net/project/showfiles.php?group_id=178005&amp;package_id=205132&amp;release_id=461605">
                                        Download
                                    </a>
                                </em>
                            </td>
                        </tr>
					</tbody>
				</table>

				<br/>
				<strong>
					<a href="http://prdownloads.sourceforge.net/mydoggy/?sort_by=date&amp;sort=desc">Browse all MyDoggy
						downloads
					</a>
				</strong>
			</subsection>
        </section>
    </body>
</document>
