<!DOCTYPE document PUBLIC
        "-//Apache Software Foundation//DTD XDOC 1.0//EN"
        "http://maven.apache.org/dtd/xdoc_1_0.dtd">
<document>
    <properties>
        <title>MyDoggy - My Java Docking Framework : Introduction</title>
        <author email="adecaro@users.sourceforge.net">Angelo De Caro</author>
    </properties>

    <body>
        <section name="Introduction">
            <div id="downloadbox">
                <h5>Get MyDoggy 1.4.1 Now!!!</h5> 
                <span style="display: block; text-align: right; font-size: smaller">Released: February 04, 2008</span>
                <p>
                    <a href="download.html">MyDoggy 1.4.1</a>
                    <small>(5.0Mb)</small>
                </p>
                <ul>
                    <li>
                        <a href="download.html#requirements">System Requirements</a>
                    </li>
                    <li>
                        <a href="download.html#usage">MyDoggy Usage</a>
                    </li>
                    <li>
                        <a href="./mydoggy-examples/mydoggyset.html">MyDoggySet (WebStart)</a>
                        <small>
                            <a href="./mydoggy-examples/mydoggysetScreenshots.html">Screenshots</a>,
                            <img src="./images/new.png" alt=""/>
                            <a href="./mydoggy-examples/mydoggysetVideos.html">Videos</a>
                        </small>
                    </li>
                    <li>
                        <img src="./images/new.png" alt=""/>
                        <a href="tutorial/tutorial.html">Tutorial</a>
                    </li>
                    <li>
                        <img src="./images/new.png" alt=""/>
                        <a href="changes-report.html">Changes Report</a>
                    </li>
                    <li>
                        <a href="license.html">License (LGPL)</a>
                    </li>
                </ul>
            </div>

            <p>
                <a href="./mydoggy-examples/mydoggyset.html">
                    <img src="./images/mydoggy.png" alt="MyDoggy" border="0" hspace="18" align="left"/>
                </a>
                MyDoggy is a Java docking framework to be used in cross-platform Swing applications.
                MyDoggy is an IntelliJ Idea like docking framework for managing secondary windows within the main
                window.
                MyDoggy allows to move,resize or extract those secondary windows.
                Also, MyDoggy provides support for content management of the main window.
                Like Eclipse, MyDoggy supports the concept of "prospective" using mydoggy groups.
                <br/>
                <br/>
                <br/>
                <br/>
            </p>

            <subsection name="Main Modules">
                <p>
                    MyDoggy is separated in two main modules.
                </p>
                <ul>
                    <li>
                        <a href="./mydoggy-api/index.html">MyDoggy-Api</a>
                        contains the application program interface of MyDoggy to manage every aspects of
                        the framework.
                    </li>
                    <li>
                        <a href="./mydoggy-plaf/index.html">MyDoggy-Plaf</a>
                        contains the default implementation of mydoggy-api.
                        <ul>
                            <li>
                                MyDoggy-Res contains all resources (icons and messages) used by mydoggy-plaf. Look at
                                ResourceManager link to know how to customize mydoggy in a deep way.
                            </li>
                        </ul>
                    </li>
                </ul>
            </subsection>

            <subsection name="Other Modules">
                There are also other modules that cover secondary aspects of MyDoggy.
                <ul>
                    <li>
                        <a href="./mydoggy-examples/index.html">MyDoggy-Examples</a>
                        contains some examples to see MyDoggy in action.
                    </li>
                </ul>
            </subsection>
        </section>
    </body>
</document>
