<!DOCTYPE document PUBLIC
        "-//Apache Software Foundation//DTD XDOC 1.0//EN"
        "http://maven.apache.org/dtd/xdoc_1_0.dtd">
<document>
    <properties>
        <title>MyDoggy - My Java Docking Framework (PLAF) : ContentManagerUI</title>
        <author email="adecaro@users.sourceforge.net">Angelo De Caro</author>
    </properties>

    <body>
        <section name="ContentManagerUI">
            <p>
                A ContentManagerUI is an interface to modify the ui behaviours of
                a content manager. For example this is used to modify the way a content
                is showed.
            </p>
            <a name="MyDoggyMultiSplitContentManagerUI"/>
            <subsection name="MyDoggyMultiSplitContentManagerUI">
                <table>
                    <tbody>
                        <tr>
                            <td>
                                <img src="./images/multisplitContentManagerUI.png" alt="MultisplitContentManagerUI"
                                     border="0" hspace="18"/>
                            </td>
                            <td>
                                <p>
                                    This interface represents a ui that use a component that lets the user switch
                                    between
                                    a group of components by clicking on a tab with a given title and/or icon. The
                                    position of each tab can be customized from the ui or by code.
                                    <br/>To obtain and set a specific instance use the following (for example):
                                </p>
                                <source>import org.noos.xing.mydoggy.plaf.ui.content;
...
contentManager.setContentManagerUI(new MyDoggyMultiSplitContentManagerUI());
                                </source>
                            </td>
                        </tr>
                    </tbody>
                </table>
            </subsection>
            <a name="MyDoggyTabbedContentManagerUI"/>
            <subsection name="MyDoggyTabbedContentManagerUI">
                <table>
                    <tbody>
                        <tr>
                            <td>
                                <img src="./images/tabbedContentManagerUI.png" alt="TabbedContentManagerUI" border="0"
                                     hspace="18"/>
                            </td>
                            <td>
                                <p>
                                    This interface represents a ui that use a component that lets the user switch
                                    between
                                    a group of components by clicking on a tab with a given title and/or icon (i.e.
                                    JTabbedPane).
                                    <br/>To obtain and set a specific instance use the following (for example):
                                </p>
                                <source>import org.noos.xing.mydoggy.plaf.ui.content;
...
contentManager.setContentManagerUI(new MyDoggyTabbedContentManagerUI());
                                </source>
                            </td>
                        </tr>
                    </tbody>
                </table>
            </subsection>
            <a name="MyDoggyDesktopContentManagerUI"/>
            <subsection name="MyDoggyDesktopContentManagerUI">
                <table>
                    <tbody>
                        <tr>
                            <td>
                                <img src="./images/desktopContentManagerUI.png" alt="DesktopContentManagerUI" border="0"
                                     hspace="18"/>
                            </td>
                            <td>
                                <p>
                                    This interface represents a ui that use a container to create a multiple-document
                                    interface
                                    or a virtual desktop.
                                    <br/>To obtain and set a specific instance use the following (for example):
                                </p>
                                <source>import org.noos.xing.mydoggy.plaf.ui.content;
...
contentManager.setContentManagerUI(new MyDoggyDesktopContentManagerUI());
                                </source>
                            </td>
                        </tr>
                    </tbody>
                </table>
            </subsection>
        </section>
        <section name="Your own implementation">
            <p>
                If you want to implement your own
                <code>ContentManageUI,</code>
                your class must implement non only the
                <code>ContentManageUI</code>
                interface but also the
                <code>PlafContentManagerUI</code>
                interface in the
                package<code>org.noos.xing.mydoggy.plaf.ui.content</code>.
                <br/>
                This is to provide all neccesary methods to use the manager.
            </p>
        </section>
    </body>
</document>
