<!DOCTYPE document PUBLIC
        "-//Apache Software Foundation//DTD XDOC 1.0//EN"
        "http://maven.apache.org/dtd/xdoc_1_0.dtd">
<document>
    <properties>
        <title>MyDoggy - My Java Docking Framework (PLAF) : PersistenceDelegate</title>
        <author email="adecaro@users.sourceforge.net">Angelo De Caro</author>
    </properties>

    <body>
        <section name="PersistenceDelegate">
            <p>
                PersistenceDelegate is available since 1.2.0 and it's an interface that provides useful methods to save
                and load the tool window manager's workspace.
                When you request to save the workspace, all settings of toolwindows, and not only, with relative descriptors are saved.
                See the specific DTD, relative to the version of mydoggy that you are using, to know all information saved.
                <br/>

                To obtain the instance of the PersistenceDelegate for a specific ToolWindowManager use the following:
            </p>
            <source>PersistenceDelegate pstDelegate = twManager.getPersistenceDelegate();</source>

            <p>
                MyDoggy arrives with a default implementation provided by
                <br/>
                <code>org.noos.xing.mydoggy.plaf.persistence.xml.XMLPersistenceDelegate</code>
                <br/>
                This implementation use the xml format to store all necessary data.
                <br/>
                <br/>
                You can found the relative DTD
            </p>
            <ul>
                <li>
                    1.4.1 <a href="./resources/dtd/persistence_1_4_1.dtd">here</a>.
                </li>
                <li>
                    1.4.0 <a href="./resources/dtd/persistence_1_4_0.dtd">here</a>.
                </li>
                <li>
                    1.3.1 <a href="./resources/dtd/persistence_1_3_1.dtd">here</a>.
                </li>
                <li>
                    1.3.0 <a href="./resources/dtd/persistence_1_3_0.dtd">here</a>.
                </li>
                <li>
                    1.2.0 <a href="./resources/dtd/persistence_1_2_0.dtd">here</a>.
                </li>
            </ul>

            <p>
                Here is an example of a saved workspace.
            </p>

            <source xml:space="preserve">
&lt;?xml version="1.0" standalone="yes"?&gt;
&lt;mydoggy version="1.4.1"&gt;
    &lt;tools&gt;
        &lt;tool id="Tool 1" available="true" visible="true" active="true" autoHide="false" anchor="LEFT" anchorIndex="1" type="DOCKED" aggregateMode="false" maximized="false" index="1" representativeAnchorButtonVisible="true"&gt;
            &lt;descriptors&gt;
                &lt;docked dockLength="200" popupMenuEnabled="false" animating="true" previewEnabled="true" previewDelay="1000" previewTransparentRatio="0.65" hideRepresentativeButtonOnVisible="false" idVisibleOnTitleBar="true"/&gt;
                &lt;sliding transparentMode="true" transparentDelay="1000" transparentRatio="0.5" enabled="true" animating="true" idVisibleOnTitleBar="true"/&gt;
                &lt;floating modal="false" transparentMode="true" transparentDelay="0" transparentRatio="0.7" enabled="true" animating="true" idVisibleOnTitleBar="true"/&gt;
                &lt;floatingLive transparentMode="true" transparentDelay="1000" transparentRatio="0.5" enabled="true" animating="true" idVisibleOnTitleBar="true"/&gt;
            &lt;/descriptors&gt;
        &lt;/tool&gt;
    &lt;/tools&gt;
    &lt;toolWindowManagerDescriptor numberingEnabled="true" previewEnabled="true"&gt;
        &lt;dividerSize left="3" right="3" top="3" bottom="3"/&gt;
        &lt;aggregateMode left="false" right="false" top="false" bottom="false"/&gt;
        &lt;pushAway pushAwayMode="VERTICAL"&gt;
            &lt;mode type="MOST_RECENT"&gt;
                &lt;anchor type="TOP"/&gt;
                &lt;anchor type="RIGHT"/&gt;
                &lt;anchor type="BOTTOM"/&gt;
                &lt;anchor type="LEFT"/&gt;
            &lt;/mode&gt;
        &lt;/pushAway&gt;
    &lt;/toolWindowManagerDescriptor&gt;
    &lt;contentManagerUI&gt;
        &lt;MultiSplitContentManagerUI closeable="true" detachable="true" showAlwaysTab="false" tabLayout="WRAP" tabPlacement="BOTTOM"&gt;
            &lt;content id="Welcome" showAlwaysTab="false"/&gt;
        &lt;/MultiSplitContentManagerUI&gt;
    &lt;/contentManagerUI&gt;
    &lt;contentManager&gt;
        &lt;content id="Welcome" detached="false" enabled="true" selected="false" maximized="false"/&gt;
    &lt;/contentManager&gt;
    &lt;bars&gt;
        &lt;bar anchor="LEFT"&gt;
            &lt;model&gt;
                &lt;![CDATA[
....
]]&gt;
            &lt;/model&gt;
        &lt;/bar&gt;
    &lt;/bars&gt;
&lt;/mydoggy&gt;
            </source>
        </section>
    </body>
</document>
