<?xml version="1.0" encoding="ISO-8859-1"?>
<project name="MyDoggy-Examples">

    <skin>
        <groupId>org.noos.xing</groupId>
        <artifactId>mydoggy-site-skin</artifactId>
        <version>1.4.1</version>
    </skin>

    <body>
        <links>
            <item name="MyDoggy" href="./../index.html"/>
            <item name="Maven" href="http://maven.apache.org/"/>
            <item name="SourceForge" href="http://sourceforge.net/"/>
        </links>

        <menu name="MyDoggy - Examples">
            <item name="Introduction" href="index.html"/>
            <item name="MyDoggySet" href="mydoggyset.html">
                <item name="Screenshots" href="mydoggysetScreenshots.html"/>
                <item name="Videos" href="mydoggysetVideos.html"/>
                <item name="Using" href="mydoggysetUsing.html"/>
            </item>
        </menu>

        ${reports}
    </body>

</project>
