<?xml version="1.0" encoding="ISO-8859-1"?>
<project name="MyDoggy-Plaf">

    <skin>
        <groupId>org.noos.xing</groupId>
        <artifactId>mydoggy-site-skin</artifactId>
        <version>1.4.1</version>
    </skin>

    <body>
        <links>
            <item name="MyDoggy" href="./../index.html"/>
            <item name="Maven" href="http://maven.apache.org/"/>
            <item name="SourceForge" href="http://sourceforge.net/"/>
        </links>

        <menu name="MyDoggy">
            <item name="Introduction" href="index.html"/>
            <item name="ToolWindowManager" href="toolwindowManager.html"/>
            <item name="PersistenceDelgate" href="persistenceDelegate.html"/>
            <item name="ContentManageUI" href="contentManagerUI.html"/>
            <item name="TransparencyManager" href="transparency.html"/>
            <item name="ResourceManager" href="resourceManager.html">
                <item name="Using" href="resourceManagerUsing.html"/>
            </item>
        </menu>

        ${reports}
    </body>

</project>
