<!DOCTYPE document PUBLIC
        "-//Apache Software Foundation//DTD XDOC 1.0//EN"
        "http://maven.apache.org/dtd/xdoc_1_0.dtd">
<document>
    <properties>
        <title>MyDoggy - My Java Docking Framework (EXAMPLES) : MyDoggySet - Videos</title>
        <author email="adecaro@users.sourceforge.net">Angelo De Caro</author>
    </properties>

    <body>
        <section name="MyDoggySet Videos">
            <p>
                Here are some video from MyDoggySet.
            </p>

            <subsection name="The Universal Drag System...">
                <a name="universalDrag"/>
                <p>
                    This test shows how to drag a toolwindow everywhere you want...
                </p>
                <div align="center">
                    <object type="application/x-shockwave-flash" width="420" height="300" wmode="transparent"
                            data="./../videos/flvplayer.swf?file=./../mydoggy-examples/videos/dragitest.flv&amp;autoStart=false">
                        <param name="movie"
                               value="./../videos/flvplayer.swf?file=./../mydoggy-examples/videos/dragitest.flv&amp;autoStart=false"/>
                        <param name="wmode" value="transparent"/>
                    </object>
                </div>
            </subsection>

            <subsection name="Tool Window Types...">
                <a name="toolWindowTypes"/>
                <p>
                    This test shows all toolwindow Types available...
                </p>
                <div align="center">
                    <object type="application/x-shockwave-flash" width="420" height="300" wmode="transparent"
                            data="./../videos/flvplayer.swf?file=./../mydoggy-examples/videos/typesitest.flv&amp;autoStart=false">
                        <param name="movie"
                               value="./../videos/flvplayer.swf?file=./../mydoggy-examples/videos/typesitest.flv&amp;autoStart=false"/>
                        <param name="wmode" value="transparent"/>
                    </object>
                </div>
            </subsection>
        </section>
    </body>
</document>
