<!DOCTYPE document PUBLIC
        "-//Apache Software Foundation//DTD XDOC 1.0//EN"
        "http://maven.apache.org/dtd/xdoc_1_0.dtd">
<document>
    <properties>
        <title>MyDoggy - My Java Docking Framework (EXAMPLES) : MyDoggySet - Screenshots</title>
        <author email="adecaro@users.sourceforge.net">Angelo De Caro</author>
    </properties>

    <body>
        <section name="MyDoggySet Screenshots">
            <p>
                Here are some screenshots of MyDoggySet.
            </p>
            <table>
                <a name="slidingTrasparent"/>
                <a name="PushAwayMode"/>
                <tr>
                    <td>
                        <a href="./images/screenshots/mydoggyset/tw_sliding_transparency.png">
                            <img src="./images/screenshots/mydoggyset/thumbs/tw_sliding_transparency.png"
                                 alt="ToolWindow Sliding Transparent"/>
                        </a>
                        <p align="center">A ToolWindowType.SLIDING ToolWindow transparent.</p>
                    </td>
                    <td>
                        <a href="./images/screenshots/mydoggyset/pushAwayHorizontal.png">
                            <img src="./images/screenshots/mydoggyset/thumbs/pushAwayHorizontal.png"
                                 alt="PushAwayMode.HORIZONTAL"/>
                        </a>
                        <p align="center">PushAwayMode.HORIZONTAL</p>
                    </td>
                    <td>
                        <a href="./images/screenshots/mydoggyset/pushAwayVertical.png">
                            <img src="./images/screenshots/mydoggyset/thumbs/pushAwayVertical.png"
                                 alt="PushAwayMode.VERTICAL"/>
                        </a>
                        <p align="center">PushAwayMode.VERTICAL</p>
                    </td>
                </tr>
                <tr>
                    <td>
                        <a href="./images/screenshots/mydoggyset/pushAwayAnticlockwise.png">
                            <img src="./images/screenshots/mydoggyset/thumbs/pushAwayAnticlockwise.png"
                                 alt="PushAwayMode.ANTICLOKWISE"/>
                        </a>
                        <p align="center">PushAwayMode.ANTICLOKWISE</p>
                    </td>
                    <td>
                        <a href="./images/screenshots/mydoggyset/desktopContentManager.png">
                            <img src="./images/screenshots/mydoggyset/thumbs/desktopContentManager.png"
                                 alt="DesktopContentManager"/>
                        </a>
                        <p align="center">ContentManager using a DesktopContentManagerUI.</p>
                    </td>
                    <td>
                        <a href="./images/screenshots/mydoggyset/multisplitContentManager.png">
                            <img src="./images/screenshots/mydoggyset/thumbs/multisplitContentManager.png"
                                 alt="MultiSplitContentManager"/>
                        </a>
                        <p align="center">ContentManager using a MultiSplitContentManagerUI.</p>
                    </td>
                </tr>
                <a name="UnavailableTools"/>
                <tr>
                    <td align="center">
                        <a href="./images/screenshots/mydoggyset/mydoggyset.png">
                            <img src="./images/screenshots/mydoggyset/thumbs/mydoggyset.png" alt="MyDoggySet"/>
                        </a>
                        <p align="center">MyDoggySet</p>
                    </td>
                    <td>
                        <a href="./images/screenshots/mydoggyset/floatingLiveType.png">
                            <img src="./images/screenshots/mydoggyset/thumbs/floatingLiveType.png"
                                 alt="FloatingLive Type"/>
                        </a>
                        <p align="center">A ToolWindow with ToolWindowType.FLOATING_LIVE type.</p>
                    </td>
                    <td>
                        <a href="./images/screenshots/mydoggyset/unavailableTools.png">
                            <img src="./images/screenshots/mydoggyset/thumbs/unavailableTools.png"
                                 alt="Unavailable Tools"/>
                        </a>
                        <p align="center">Representative anchor buttons showed for unavailable tools.</p>
                    </td>
                </tr>
            </table>
        </section>
    </body>
</document>
