<?xml version="1.0" encoding="ISO-8859-1"?>
<project name="MyDoggy">

    <skin>
        <groupId>org.noos.xing</groupId>
        <artifactId>mydoggy-site-skin</artifactId>
        <version>1.4.1</version>
    </skin>

    <body>
        <links>
            <item name="Maven" href="http://maven.apache.org/"/>
            <item name="SourceForge" href="http://sourceforge.net/"/>
            <item name="Project page" href="http://sourceforge.net/projects/mydoggy/"/>
        </links>

        <menu name="MyDoggy">
            <item name="Introduction" href="index.html"/>
            <item name="Download" href="download.html"/>
            <item name="Build Howto" href="buildHowto.html"/>
            <item name="Contact" href="contact.html"/>
            <item name="Tutorial" href="/tutorial/tutorial.html"/>
        </menu>

        <menu name="Demos">
            <item name="MyDoggySet" href="/mydoggy-examples/mydoggyset.html">
                <item name="Screenshots" href="/mydoggy-examples/mydoggysetScreenshots.html"/>
                <item name="Videos" href="/mydoggy-examples/mydoggysetVideos.html"/>
                <item name="Using" href="/mydoggy-examples/mydoggysetUsing.html"/>
            </item>
            <item name="TutorialSet" href="/tutorial/tutorial.html"/>
        </menu>

        <menu name="Core Interfaces">
            <item name="MyDoggy-Api" href="/mydoggy-api/index.html">
                <item name="ToolWindowManager" href="/mydoggy-api/toolwindowManager.html"/>
                <item name="ToolWindow" href="/mydoggy-api/toolwindow.html"/>
                <item name="ToolWindowGroup" href="/mydoggy-api/toolwindowGroups.html"/>
                <item name="ContentManager" href="/mydoggy-api/contentManager.html"/>
            </item>
            <item name="MyDoggy-Plaf" href="/mydoggy-plaf/index.html">
                <item img="/images/new.png" name="ResourceManager" href="/mydoggy-plaf/resourceManager.html"/>
                <item name="TransparencyManager" href="/mydoggy-plaf/transparency.html"/>
            </item>
        </menu>

        <menu name="Modules">
            <item name="MyDoggy - Api" href="/mydoggy-api/index.html"/>
            <item name="MyDoggy - Plaf" href="/mydoggy-plaf/index.html"/>
            <item name="MyDoggy - Examples" href="/mydoggy-examples/index.html"/>
        </menu>

        ${reports}
    </body>

</project>
