<!DOCTYPE document PUBLIC
		"-//Apache Software Foundation//DTD XDOC 1.0//EN"
		"http://maven.apache.org/dtd/xdoc_1_0.dtd">
<document>
	<properties>
		<title>MyDoggy - My Java Docking Framework : Tutorial - Step 2</title>
		<author email="adecaro@users.sourceforge.net">Angelo De Caro</author>
	</properties>

	<body>
		<section name="Tutorial - Step 2">
            <p>
                Now we'll introduce <a href="./../mydoggy-plaf/toolwindowManager.html">MyDoggyToolWindowManager</a>
                component that is the default implementation for the
                <a href="./../mydoggy-api/toolwindowManager.html">ToolWindowManager</a> interface. Also we'll add a first
                <a href="./../mydoggy-api/toolwindow.html">ToolWindow</a>.
            </p>

            <source>
package org.noos.xing.mydoggy.tutorial;

import info.clearthought.layout.TableLayout;
<a href="./../mydoggy-api/apidocs/org/noos/xing/mydoggy/ToolWindow.html">import org.noos.xing.mydoggy.ToolWindow;</a>
<a href="./../mydoggy-api/apidocs/org/noos/xing/mydoggy/ToolWindowAnchor.html">import org.noos.xing.mydoggy.ToolWindowAnchor;</a>
<a href="./../mydoggy-api/apidocs/org/noos/xing/mydoggy/ToolWindowManager.html">import org.noos.xing.mydoggy.ToolWindowManager;</a>
<a href="./../mydoggy-plaf/toolwindowManager.html">import org.noos.xing.mydoggy.plaf.MyDoggyToolWindowManager;</a>

import javax.swing.*;
import java.awt.event.ActionEvent;
import java.awt.event.ActionListener;

public class TutorialSet {
    private JFrame frame;
    private ToolWindowManager toolWindowManager;

    protected void setUp() {
        initComponents();
        <strong style="color:green"><a href="#initToolWindowManager">initToolWindowManager</a>();</strong>
    }

    protected void start() {
        SwingUtilities.invokeLater(new Runnable() {
            public void run() {
                // Activate "Debug" Tool
                <strong style="color:green">
                ToolWindow debugTool = toolWindowManager.getToolWindow("Debug");
                debugTool.<a href="./../mydoggy-api/apidocs/org/noos/xing/mydoggy/ToolWindow.html#setActive(boolean)">setActive</a>(true);
                </strong>
                frame.setVisible(true);
            }
        });
    }

    protected void initComponents() {
        // Init the frame
        this.frame = new JFrame("Sample App...");
        this.frame.setSize(640, 480);
        this.frame.setLocation(100, 100);
        this.frame.setDefaultCloseOperation(JFrame.EXIT_ON_CLOSE);

        // Create a simple JMenuBar
        JMenuBar menuBar = new JMenuBar();
        JMenu fileMenu = new JMenu("File");
        JMenuItem exitMenuItem = new JMenuItem("Exit");
        exitMenuItem.addActionListener(new ActionListener() {
            public void actionPerformed(ActionEvent e) {
                frame.setVisible(false);
                frame.dispose();
            }
        });
        fileMenu.add(exitMenuItem);
        menuBar.add(fileMenu);
        this.frame.setJMenuBar(menuBar);

        // Set a layout manager. I love TableLayout. It's powerful.
        this.frame.getContentPane().setLayout(new TableLayout(new double[][]{{0, -1, 0}, {0, -1, 0}}));
    }

<strong style="color:green">
    <a name="initToolWindowManager"/>
    protected void initToolWindowManager() {
        // Create a new instance of MyDoggyToolWindowManager passing the frame.
        <a href="./../mydoggy-plaf/toolwindowManager.html">MyDoggyToolWindowManager</a> myDoggyToolWindowManager = new MyDoggyToolWindowManager(frame);
        this.toolWindowManager = myDoggyToolWindowManager;

        // Register a Tool.
        toolWindowManager.<a href="./../mydoggy-api/apidocs/org/noos/xing/mydoggy/ToolWindowManager.html#registerToolWindow(java.lang.String, java.lang.String, javax.swing.Icon, java.awt.Component, org.noos.xing.mydoggy.ToolWindowAnchor)">registerToolWindow</a>("Debug",       // Id
                                             "Debug Tool",                 // Title
                                             null,                         // Icon
                                             new JButton("Debug Tool"),    // Component
                                             ToolWindowAnchor.LEFT);       // Anchor

        // Made all tools available
        for (<a href="./../mydoggy-api/apidocs/org/noos/xing/mydoggy/ToolWindow.html">ToolWindow</a> window : toolWindowManager.<a href="./../mydoggy-api/apidocs/org/noos/xing/mydoggy/ToolWindowManager.html#getToolWindows()">getToolWindows</a>())
            window.<a href="./../mydoggy-api/apidocs/org/noos/xing/mydoggy/ToolWindow.html#setAvailable(boolean)">setAvailable</a>(true);

        // Add myDoggyToolWindowManager to the frame. MyDoggyToolWindowManager is an extension of a JPanel
        this.frame.getContentPane().add(myDoggyToolWindowManager, "1,1,");
    }
</strong>

    public static void main(String[] args) {
        TutorialSet test = new TutorialSet();
        try {
            test.setUp();
            test.start();
        } catch (Exception e) {
            e.printStackTrace();
        }
    }
}</source>
            <subsection name="Result">
                <table>
                    <tbody>
                        <tr>
                            <td>
                                <div align="center">
                                    <img align="middle" src="./../images/tutorial/step2.png" alt="TolWindowManager" border="0" hspace="18"/>
                                </div>
                            </td>
                            <td>
                                <div align="left">
                                    <p>
                                        This is the effect. For example try to drag the tool to other position or right click
                                        on the toolwindow's representative button.
                                        <br/>
                                        See the using for
                                        <a href="./../mydoggy-examples/mydoggysetUsing.html">MyDoggySet.</a>
                                    </p>
                                </div>
                            </td>
                        </tr>
                    </tbody>
                </table>
                <p>
                    Good! Next step. <a href="./step3.html">Step 3</a> - Play with TypeDescriptors.
                </p>
            </subsection>
        </section>
    </body>
</document>
