<!DOCTYPE document PUBLIC
		"-//Apache Software Foundation//DTD XDOC 1.0//EN"
		"http://maven.apache.org/dtd/xdoc_1_0.dtd">
<document>
	<properties>
		<title>MyDoggy - My Java Docking Framework : Tutorial - Step 1</title>
		<author email="adecaro@users.sourceforge.net">Angelo De Caro</author>
	</properties>


    <body>
        <section name="Tutorial - Step 1">
            <p>
                First of all, we'll start with a basic skeleton class that instantiate a simple JFrame titled 'Sample App...'.
            </p>
            <source>
package org.noos.xing.mydoggy.tutorial;

import info.clearthought.layout.TableLayout;
import javax.swing.*;
import java.awt.event.ActionListener;
import java.awt.event.ActionEvent;

public class TutorialSet {
    private JFrame frame;

    protected void setUp() {
        initComponents();
    }

    protected void start() {
        SwingUtilities.invokeLater(new Runnable() {
            public void run() {
                frame.setVisible(true);
            }
        });
    }

    protected void initComponents() {
        // Init the frame
        this.frame = new JFrame("Sample App...");
        this.frame.setSize(640, 480);
        this.frame.setLocation(100, 100);
        this.frame.setDefaultCloseOperation(JFrame.EXIT_ON_CLOSE);

        // Create a simple JMenuBar
        JMenuBar menuBar = new JMenuBar();
        JMenu fileMenu = new JMenu("File");
        JMenuItem exitMenuItem = new JMenuItem("Exit");
        exitMenuItem.addActionListener(new ActionListener() {
            public void actionPerformed(ActionEvent e) {
                frame.setVisible(false);
                frame.dispose();
            }
        });
        fileMenu.add(exitMenuItem);
        menuBar.add(fileMenu);
        this.frame.setJMenuBar(menuBar);

        // Set a layout manager. I love TableLayout. It's powerful.
        this.frame.getContentPane().setLayout(new TableLayout(new double[][]{{0, -1, 0}, {0, -1, 0}}));
    }

    public static void main(String[] args) {
        TutorialSet test = new TutorialSet();
        try {
            test.setUp();
            test.start();
        } catch (Exception e) {
            e.printStackTrace();
        }
    }
}</source>
            <subsection name="Result">
                <table>
                    <tbody>
                        <tr>
                            <td>
                                <div align="center">
                                    <img align="middle" src="./../images/tutorial/step1.png" alt="Skeleton" border="0" hspace="18"/>
                                </div>
                            </td>
                            <td>
                                <div align="left">
                                    <p>
                                        On left you can see the execution's result.
                                    </p>
                                </div>
                            </td>
                        </tr>
                    </tbody>
                </table>
                <p>
                    Good! Next step. <a href="./step2.html">Step 2</a> - Introduce ToolWindowManager with your first ToolWindow.
                </p>
            </subsection>
        </section>
	</body>
</document>
